{
  "k": 6,
  "boundary": {
    "fixed": {
      "n": 45,
      "n_chunks": 13260,
      "hit@1": 0.4,
      "hit@3": 0.6222222222222222,
      "hit@6": 0.7555555555555555,
      "mrr": 0.5477807932718083,
      "mean_gold_cosine": 0.8243990214316477
    },
    "sentence": {
      "n": 45,
      "n_chunks": 12210,
      "hit@1": 0.5333333333333333,
      "hit@3": 0.6222222222222222,
      "hit@6": 0.7555555555555555,
      "mrr": 0.6169125344425909,
      "mean_gold_cosine": 0.8241975248800789
    }
  },
  "size": {
    "128": {
      "n": 45,
      "n_chunks": 28451,
      "hit@1": 0.5777777777777777,
      "hit@3": 0.7555555555555555,
      "hit@6": 0.8222222222222222,
      "mrr": 0.6795594597524273,
      "mean_gold_cosine": 0.8322543029473276
    },
    "256": {
      "n": 45,
      "n_chunks": 13260,
      "hit@1": 0.4,
      "hit@3": 0.6222222222222222,
      "hit@6": 0.7555555555555555,
      "mrr": 0.5477807932718083,
      "mean_gold_cosine": 0.8243990214316477
    }
  },
  "deltas": {
    "mrr_sentence_minus_fixed": 0.06913174117078258,
    "hit1_sentence_minus_fixed": 0.1333333333333333,
    "mrr_128_minus_256": 0.13177866648061898,
    "chunks_128_over_256": 2.145625942684766
  }
}