{
  "k": 6,
  "boundary": {
    "fixed": 0.7555555555555555,
    "sentence": 0.7555555555555555
  },
  "delta_sentence_minus_fixed": 0.0,
  "size": {
    "128": 0.7555555555555555,
    "256": 0.7555555555555555
  },
  "delta_128_minus_256": 0.0
}