{
  "size": 256,
  "k": 6,
  "by_strategy": {
    "fixed": {
      "hit_rate": 0.6944444444444444,
      "buckets": {
        "first": {
          "hit_rate": 0.7142857142857143,
          "n": 14
        },
        "middle": {
          "hit_rate": 0.6363636363636364,
          "n": 11
        },
        "last": {
          "hit_rate": 0.7272727272727273,
          "n": 11
        }
      }
    },
    "sentence": {
      "hit_rate": 0.6666666666666666,
      "buckets": {
        "first": {
          "hit_rate": 0.7857142857142857,
          "n": 14
        },
        "middle": {
          "hit_rate": 0.6363636363636364,
          "n": 11
        },
        "last": {
          "hit_rate": 0.5454545454545454,
          "n": 11
        }
      }
    }
  },
  "delta_sentence_minus_fixed": -0.02777777777777779
}