{
  "baseline": {
    "k": 6,
    "n": 45,
    "buckets": {
      "first": {
        "hit_rate": 0.7142857142857143,
        "n": 14
      },
      "middle": {
        "hit_rate": 0.8,
        "n": 20
      },
      "last": {
        "hit_rate": 0.7272727272727273,
        "n": 11
      }
    }
  },
  "mitigation": {
    "k": 6,
    "n": 45,
    "gained": 4,
    "lost": 4,
    "buckets": {
      "first": {
        "hit_rate": 0.7142857142857143,
        "n": 14
      },
      "middle": {
        "hit_rate": 0.8,
        "n": 20
      },
      "last": {
        "hit_rate": 0.7272727272727273,
        "n": 11
      }
    }
  }
}