{
  "baseline": {
    "k": 6,
    "n": 36,
    "buckets": {
      "first": {
        "hit_rate": 0.7142857142857143,
        "n": 14
      },
      "middle": {
        "hit_rate": 0.6363636363636364,
        "n": 11
      },
      "last": {
        "hit_rate": 0.7272727272727273,
        "n": 11
      }
    }
  },
  "mitigation": {
    "k": 6,
    "n": 36,
    "gained": 3,
    "lost": 3,
    "buckets": {
      "first": {
        "hit_rate": 0.7142857142857143,
        "n": 14
      },
      "middle": {
        "hit_rate": 0.6363636363636364,
        "n": 11
      },
      "last": {
        "hit_rate": 0.7272727272727273,
        "n": 11
      }
    }
  }
}